[
  {"version": "stable", "title": "Stable", "aliases": []},
  {"version": "devel", "title": "Development", "aliases": []},
  {"version": "v0.13.5", "title": "0.13", "aliases": []},
  {"version": "v0.12.2", "title": "0.12", "aliases": []},
  {"version": "v0.11.1", "title": "0.11", "aliases": []},
  {"version": "v0.10.2", "title": "0.10", "aliases": []},
  {"version": "0.9.0", "title": "0.9", "aliases": []},
  {"version": "0.8.0", "title": "0.8", "aliases": []},
  {"version": "0.6.1", "title": "0.6", "aliases": []},
]
